0.11182546615600586,1.0,0,0,1557878662,591697931,0.0002734375011641532,-8.544921911379788e-06,-1.4496553747406924,0.0,0.0,0.0
0.16727399826049805,1.0,0,0,1557878662,703494548,0.0002734375011641532,-8.544921911379788e-06,-1.4496553747406924,0.0,0.0,0.0
0.22441601753234863,1.0,0,0,1557878662,759076118,0.0002734375011641532,-8.544921911379788e-06,-1.4496553747406924,0.0,0.0,0.0
0.28262996673583984,1.0,0,0,1557878662,816218614,0.0002734375011641532,-8.544921911379788e-06,-1.4496553747406924,0.0,0.0,0.0
0.3388547897338867,1.0,0,0,1557878662,874309539,0.0002734375011641532,-8.544921911379788e-06,-1.4496553747406924,0.0,0.0,0.0
0.3938772678375244,1.0,0,0,1557878662,930548906,0.0002734375011641532,-8.544921911379788e-06,-1.4496553747406924,0.0,0.0,0.0
0.45132899284362793,1.0,0,0,1557878662,985611438,0.0002734375011641532,-8.544921911379788e-06,-1.4496553747406924,0.0,0.0,0.0
0.5083942413330078,1.0,0,0,1557878663,43034315,0.0002734375011641532,-8.544921911379788e-06,-1.4496553747406924,0.0,0.0,0.0
0.5656726360321045,1.0,0,0,1557878663,100128173,0.0002734375011641532,-7.934570021461695e-06,-1.4496553734243551,0.0,9.5367431640625e-07,-1.0500875643936374
0.6208181381225586,1.0,0,0,1557878663,157289028,0.0002636718563735485,-4.272460955689894e-06,-1.4496553689872833,-2.288818359375e-05,0.0,-1.0071045497108655
0.7255346775054932,1.0,0,0,1557878663,212631464,0.00025390624068677425,-3.0517576306010596e-06,-1.4496553671748273,-2.288818359375e-05,0.0,-1.0261289621894853
0.7826478481292725,1.0,0,0,1557878663,317312717,0.00023437499476131052,3.662109293145477e-06,-1.4496553602838742,-2.288818359375e-05,0.0,-0.9771398555110451
0.8394050598144531,1.0,0,0,1557878663,374379158,0.00022460936452262104,6.103515261202119e-06,-1.4496553588326708,-2.288818359375e-05,0.0,-1.0202620447932447
0.897402286529541,1.0,0,0,1557878663,431106805,0.00022460936452262104,6.103515261202119e-06,-1.4496553588326708,-2.288818359375e-05,0.0,-1.0202620447932447
0.9531781673431396,1.0,0,0,1557878663,489203691,0.00022460936452262104,8.544921911379788e-06,-1.4496553572723196,-1.52587890625e-05,0.0,-0.9731697781539653
1.0107431411743164,1.0,0,0,1557878663,544929504,0.00022460936452262104,8.544921911379788e-06,-1.4496553572723196,-1.52587890625e-05,0.0,-0.9731697781539653
1.0668890476226807,1.0,0,0,1557878663,602585792,0.00022460936452262104,9.765624781721272e-06,-1.449655356837889,0.0,0.0,0.0
1.1238131523132324,1.0,0,0,1557878663,658619642,0.00022460936452262104,9.765624781721272e-06,-1.449655356837889,0.0,0.0,0.0
1.1794929504394531,1.0,0,0,1557878663,715579509,0.00022460936452262104,9.765624781721272e-06,-1.449655356837889,0.0,0.0,0.0
1.23563551902771,1.0,0,0,1557878663,771246194,0.00022460936452262104,9.765624781721272e-06,-1.449655356837889,0.0,0.0,0.0
1.2907490730285645,1.0,0,0,1557878663,827339410,0.00022460936452262104,9.765624781721272e-06,-1.449655356837889,0.0,0.0,0.0
1.3474178314208984,1.0,0,0,1557878663,882529735,0.00022460936452262104,9.765624781721272e-06,-1.449655356837889,0.0,0.0,0.0
1.4040262699127197,1.0,0,0,1557878663,939122200,0.00022460936452262104,9.765624781721272e-06,-1.449655356837889,0.0,0.0,0.0
1.4595704078674316,1.0,0,0,1557878663,995746850,0.00022460936452262104,9.765624781721272e-06,-1.449655356837889,0.0,0.0,0.0
1.5161185264587402,1.0,0,0,1557878664,51258087,0.00022460936452262104,9.765624781721272e-06,-1.449655356837889,0.0,0.0,0.0
1.5739021301269531,1.0,0,0,1557878664,107810258,0.00022460936452262104,9.765624781721272e-06,-1.449655356837889,0.0,0.0,0.0
1.6300454139709473,1.0,0,0,1557878664,165731430,0.00022460936452262104,9.765624781721272e-06,-1.449655356837889,0.0,0.0,0.0
1.6871552467346191,1.0,0,0,1557878664,221718072,0.00022460936452262104,9.765624781721272e-06,-1.449655356837889,0.0,0.0,0.0
1.7439723014831543,1.0,0,0,1557878664,278933525,0.00022460936452262104,9.765624781721272e-06,-1.449655356837889,0.0,0.0,0.0
1.8042402267456055,1.0,0,0,1557878664,335699081,0.00022460936452262104,9.765624781721272e-06,-1.449655356837889,0.0,0.0,0.0
1.860039234161377,1.0,0,0,1557878664,396130800,0.00022460936452262104,9.765624781721272e-06,-1.449655356837889,0.0,0.0,0.0
1.917264461517334,1.0,0,0,1557878664,451766252,0.00022460936452262104,9.765624781721272e-06,-1.449655356837889,0.0,0.0,0.0
1.9750211238861084,1.0,0,0,1557878664,508903980,0.00022460936452262104,9.765624781721272e-06,-1.449655356837889,0.0,0.0,0.0
2.033520221710205,1.0,0,0,1557878664,566747426,0.00022460936452262104,9.765624781721272e-06,-1.449655356837889,0.0,0.0,0.0
2.0892884731292725,1.0,0,0,1557878664,625262260,0.00022460936452262104,9.765624781721272e-06,-1.449655356837889,0.0,0.0,0.0
2.147108793258667,1.0,0,0,1557878664,681056261,0.00022460936452262104,9.765624781721272e-06,-1.449655356837889,0.0,0.0,0.0
2.2031333446502686,1.0,0,0,1557878664,738809585,0.00022460936452262104,9.765624781721272e-06,-1.449655356837889,0.0,0.0,0.0
2.260894536972046,1.0,0,0,1557878664,794906139,0.00022460936452262104,9.765624781721272e-06,-1.449655356837889,0.0,0.0,0.0
2.3198401927948,1.0,0,0,1557878664,852653503,0.00022460936452262104,9.765624781721272e-06,-1.449655356837889,0.0,0.0,0.0
2.3782312870025635,1.0,0,0,1557878664,911613225,0.00022460936452262104,9.765624781721272e-06,-1.449655356837889,0.0,0.0,0.0
2.4357080459594727,1.0,0,0,1557878664,969965219,0.00022460936452262104,9.765624781721272e-06,-1.449655356837889,0.0,0.0,0.0
2.4938905239105225,1.0,0,0,1557878665,27382850,0.00022460936452262104,9.765624781721272e-06,-1.449655356837889,0.0,0.0,0.0
2.550471305847168,1.0,0,0,1557878665,85627317,0.00022460936452262104,9.765624781721272e-06,-1.449655356837889,0.0,0.0,0.0
2.606853723526001,1.0,0,0,1557878665,142223596,0.00022460936452262104,9.765624781721272e-06,-1.449655356837889,0.0,0.0,0.0
2.663560628890991,1.0,0,0,1557878665,198700189,0.00022460936452262104,9.765624781721272e-06,-1.449655356837889,0.0,0.0,0.0
2.7197346687316895,1.0,0,0,1557878665,255367279,0.00022460936452262104,9.765624781721272e-06,-1.449655356837889,0.0,0.0,0.0
2.7755379676818848,1.0,0,0,1557878665,311594009,0.00022460936452262104,9.765624781721272e-06,-1.449655356837889,0.0,0.0,0.0
2.830852746963501,1.0,0,0,1557878665,367233276,0.00022460936452262104,9.765624781721272e-06,-1.449655356837889,0.0,0.0,0.0
2.890453815460205,1.0,0,0,1557878665,422594070,0.00022460936452262104,9.765624781721272e-06,-1.449655356837889,0.0,0.0,0.0
2.9527933597564697,1.0,0,0,1557878665,482155561,0.00022460936452262104,9.765624781721272e-06,-1.449655356837889,0.0,0.0,0.0
3.0123682022094727,1.0,0,0,1557878665,544512748,0.00022460936452262104,9.765624781721272e-06,-1.449655356837889,0.0,0.0,0.0
3.069854974746704,1.0,0,0,1557878665,604059696,0.00022460936452262104,9.765624781721272e-06,-1.449655356837889,0.0,0.0,0.0
3.129642963409424,1.0,0,0,1557878665,661614418,0.00022460936452262104,9.765624781721272e-06,-1.449655356837889,0.0,0.0,0.0
3.189622640609741,1.0,0,0,1557878665,721412420,0.00022460936452262104,9.765624781721272e-06,-1.449655356837889,0.0,0.0,0.0
3.2479817867279053,1.0,0,0,1557878665,781500101,0.00022460936452262104,9.765624781721272e-06,-1.449655356837889,0.0,0.0,0.0
3.3061623573303223,1.0,0,0,1557878665,839677810,0.00022460936452262104,9.765624781721272e-06,-1.449655356837889,0.0,0.0,0.0
3.370386838912964,1.0,0,0,1557878665,897769927,0.00022460936452262104,9.765624781721272e-06,-1.449655356837889,0.0,0.0,0.0
3.4383785724639893,1.0,0,0,1557878665,963400125,0.00022460936452262104,9.765624781721272e-06,-1.449655356837889,0.0,0.0,0.0
3.5330007076263428,1.0,0,0,1557878666,30351161,0.00022460936452262104,9.765624781721272e-06,-1.449655356837889,0.0,0.0,0.0
3.5818095207214355,1.0,0,0,1557878666,124626159,0.00022460936452262104,9.765624781721272e-06,-1.449655356837889,0.0,0.0,0.0
3.630176305770874,1.0,0,0,1557878666,173488855,0.00022460936452262104,9.765624781721272e-06,-1.449655356837889,0.0,0.0,0.0
3.682739496231079,1.0,0,0,1557878666,221882581,0.00022460936452262104,9.765624781721272e-06,-1.449655356837889,0.0,0.0,0.0
3.73116397857666,1.0,0,0,1557878666,274382591,0.00022460936452262104,9.765624781721272e-06,-1.449655356837889,0.0,0.0,0.0
3.779074192047119,1.0,0,0,1557878666,322760105,0.00022460936452262104,9.765624781721272e-06,-1.449655356837889,0.0,0.0,0.0
3.8288075923919678,1.0,0,0,1557878666,370707273,0.00022460936452262104,9.765624781721272e-06,-1.449655356837889,0.0,0.0,0.0
3.879450798034668,1.0,0,0,1557878666,420584201,0.00022460936452262104,9.765624781721272e-06,-1.449655356837889,0.0,0.0,0.0
3.9322617053985596,1.0,0,0,1557878666,471168279,0.00022460936452262104,9.765624781721272e-06,-1.449655356837889,0.0,0.0,0.0
3.9821274280548096,1.0,0,0,1557878666,523954629,0.00022460936452262104,9.765624781721272e-06,-1.449655356837889,0.0,0.0,0.0
4.034115791320801,1.0,0,0,1557878666,573991775,0.00022460936452262104,9.765624781721272e-06,-1.449655356837889,0.0,0.0,0.0
4.08520245552063,1.0,0,0,1557878666,625726938,0.00022460936452262104,9.765624781721272e-06,-1.449655356837889,0.0,0.0,0.0
4.136218309402466,1.0,0,0,1557878666,676855087,0.00022460936452262104,9.765624781721272e-06,-1.449655356837889,0.0,0.0,0.0
4.186233043670654,1.0,0,0,1557878666,728120565,0.00022460936452262104,9.765624781721272e-06,-1.449655356837889,0.0,0.0,0.0
4.235121726989746,1.0,0,0,1557878666,777848243,0.00022460936452262104,9.765624781721272e-06,-1.449655356837889,0.0,0.0,0.0
4.286600351333618,1.0,0,0,1557878666,826765537,0.00022460936452262104,9.765624781721272e-06,-1.449655356837889,0.0,0.0,0.0
4.337305307388306,1.0,0,0,1557878666,878333806,0.00022460936452262104,9.765624781721272e-06,-1.449655356837889,0.0,0.0,0.0
4.387795925140381,1.0,0,0,1557878666,929202795,0.00022460936452262104,9.765624781721272e-06,-1.449655356837889,0.0,0.0,0.0
4.437690734863281,1.0,0,0,1557878666,979416131,0.00022460936452262104,9.765624781721272e-06,-1.449655356837889,0.0,0.0,0.0
4.489103555679321,1.0,0,0,1557878667,29846668,0.00022460936452262104,9.765624781721272e-06,-1.449655356837889,0.0,0.0,0.0
4.5411057472229,1.0,0,0,1557878667,80791950,0.00022460936452262104,9.765624781721272e-06,-1.449655356837889,0.0,0.0,0.0
4.596127510070801,1.0,0,0,1557878667,133115530,0.00022460936452262104,9.765624781721272e-06,-1.449655356837889,0.0,0.0,0.0
4.647464990615845,1.0,0,0,1557878667,187828779,0.00022460936452262104,9.765624781721272e-06,-1.449655356837889,0.0,0.0,0.0
4.70153021812439,1.0,0,0,1557878667,239267349,0.00022460936452262104,9.765624781721272e-06,-1.449655356837889,0.0,0.0,0.0
4.755173206329346,1.0,0,0,1557878667,293178319,0.00022460936452262104,9.765624781721272e-06,-1.449655356837889,0.0,0.0,0.0
4.809431314468384,1.0,0,0,1557878667,347607374,0.00022460936452262104,9.765624781721272e-06,-1.449655356837889,0.0,0.0,0.0
4.860606670379639,1.0,0,0,1557878667,400980234,0.00022460936452262104,9.765624781721272e-06,-1.449655356837889,0.0,0.0,0.0
4.910557508468628,1.0,0,0,1557878667,452360391,0.00022460936452262104,9.765624781721272e-06,-1.449655356837889,0.0,0.0,0.0
4.95955491065979,1.0,0,0,1557878667,502336978,0.00022460936452262104,9.765624781721272e-06,-1.449655356837889,0.0,0.0,0.0
5.0089006423950195,1.0,0,0,1557878667,551068067,0.00022460936452262104,9.765624781721272e-06,-1.449655356837889,0.0,0.0,0.0
5.063714265823364,1.0,0,0,1557878667,600522756,0.00022460936452262104,9.765624781721272e-06,-1.449655356837889,0.0,0.0,0.0
5.112541198730469,1.0,0,0,1557878667,655355691,0.00022460936452262104,9.765624781721272e-06,-1.449655356837889,0.0,0.0,0.0
5.162929058074951,1.0,0,0,1557878667,704159975,0.00022460936452262104,9.765624781721272e-06,-1.449655356837889,0.0,0.0,0.0
5.21444296836853,1.0,0,0,1557878667,754571199,0.00022460936452262104,9.765624781721272e-06,-1.449655356837889,0.0,0.0,0.0
5.269394159317017,1.0,0,0,1557878667,806423902,0.00022460936452262104,9.765624781721272e-06,-1.449655356837889,0.0,0.0,0.0
5.32483696937561,1.0,0,0,1557878667,861551284,0.00022460936452262104,9.765624781721272e-06,-1.449655356837889,0.0,0.0,0.0
5.375093460083008,1.0,0,0,1557878667,916485071,0.00022460936452262104,9.765624781721272e-06,-1.449655356837889,0.0,0.0,0.0
5.425421476364136,1.0,0,0,1557878667,966757774,0.00022460936452262104,9.765624781721272e-06,-1.449655356837889,0.0,0.0,0.0
5.478806972503662,1.0,0,0,1557878668,17163038,0.00022460936452262104,9.765624781721272e-06,-1.449655356837889,0.0,0.0,0.0
5.530872821807861,1.0,0,0,1557878668,70472717,0.00022460936452262104,9.765624781721272e-06,-1.449655356837889,0.0,0.0,0.0
5.63342547416687,1.0,0,0,1557878668,122518539,0.00022460936452262104,9.765624781721272e-06,-1.449655356837889,0.0,0.0,0.0
5.685186386108398,1.0,0,0,1557878668,225060462,0.00022460936452262104,9.765624781721272e-06,-1.449655356837889,0.0,0.0,0.0
5.737587928771973,1.0,0,0,1557878668,277010917,0.00022460936452262104,9.765624781721272e-06,-1.449655356837889,0.0,0.0,0.0
5.794652223587036,1.0,0,0,1557878668,329397916,0.00022460936452262104,9.765624781721272e-06,-1.449655356837889,0.0,0.0,0.0
5.9129509925842285,1.0,0,0,1557878668,386756420,0.00022460936452262104,9.765624781721272e-06,-1.449655356837889,0.0,0.0,0.0
5.997470855712891,1.0,0,0,1557878668,505041599,0.00022460936452262104,9.765624781721272e-06,-1.449655356837889,0.0,0.0,0.0
6.0834362506866455,1.0,0,0,1557878668,589135408,0.00022460936452262104,9.765624781721272e-06,-1.449655356837889,0.0,0.0,0.0
6.166119337081909,1.0,0,0,1557878668,675095081,0.00022460936452262104,9.765624781721272e-06,-1.449655356837889,0.0,0.0,0.0
6.250013113021851,1.0,0,0,1557878668,757794141,0.00022460936452262104,9.765624781721272e-06,-1.449655356837889,0.0,0.0,0.0
6.337046384811401,1.0,0,0,1557878668,841536998,0.00022460936452262104,9.765624781721272e-06,-1.449655356837889,0.0,0.0,0.0
6.423301458358765,1.0,0,0,1557878668,928638458,0.00022460936452262104,9.765624781721272e-06,-1.449655356837889,0.0,0.0,0.0
6.506670236587524,1.0,0,0,1557878669,15011548,0.00022460936452262104,9.765624781721272e-06,-1.449655356837889,0.0,0.0,0.0
6.603795289993286,1.0,0,0,1557878669,98307371,0.00022460936452262104,9.765624781721272e-06,-1.449655356837889,0.0,0.0,0.0
6.692572593688965,1.0,0,0,1557878669,195345640,0.00022460936452262104,9.765624781721272e-06,-1.449655356837889,0.0,0.0,0.0
6.777129650115967,1.0,0,0,1557878669,284312725,0.00022460936452262104,9.765624781721272e-06,-1.449655356837889,0.0,0.0,0.0
6.862648248672485,1.0,0,0,1557878669,368751287,0.00022460936452262104,9.765624781721272e-06,-1.449655356837889,0.0,0.0,0.0
6.9498772621154785,1.0,0,0,1557878669,454289674,0.00022460936452262104,9.765624781721272e-06,-1.449655356837889,0.0,0.0,0.0
7.037450313568115,1.0,0,0,1557878669,541735887,0.00022460936452262104,9.765624781721272e-06,-1.449655356837889,0.0,0.0,0.0
7.1266889572143555,1.0,0,0,1557878669,631304025,0.00022460936452262104,9.765624781721272e-06,-1.449655356837889,0.0,0.0,0.0
7.213589191436768,1.0,0,0,1557878669,718360900,0.00022460936452262104,9.765624781721272e-06,-1.449655356837889,0.0,0.0,0.0
7.301681995391846,1.0,0,0,1557878669,805330276,0.00022460936452262104,9.765624781721272e-06,-1.449655356837889,0.0,0.0,0.0
7.387506723403931,1.0,0,0,1557878669,893378973,0.00022460936452262104,9.765624781721272e-06,-1.449655356837889,0.0,0.0,0.0
7.477916240692139,1.0,0,0,1557878669,981698036,0.00022460936452262104,9.765624781721272e-06,-1.449655356837889,0.0,0.0,0.0
7.567448854446411,1.0,0,0,1557878670,71981668,0.00022460936452262104,9.765624781721272e-06,-1.449655356837889,0.0,0.0,0.0
7.654112339019775,1.0,0,0,1557878670,159106969,0.00022460936452262104,9.765624781721272e-06,-1.449655356837889,0.0,0.0,0.0
7.741045713424683,1.0,0,0,1557878670,245785713,0.00022460936452262104,9.765624781721272e-06,-1.449655356837889,0.0,0.0,0.0
7.830027341842651,1.0,0,0,1557878670,333155155,0.00022460936452262104,9.765624781721272e-06,-1.449655356837889,0.0,0.0,0.0
7.916561841964722,1.0,0,0,1557878670,421768665,0.00022460936452262104,9.765624781721272e-06,-1.449655356837889,0.0,0.0,0.0
8.00619649887085,1.0,0,0,1557878670,510227680,0.00022460936452262104,9.765624781721272e-06,-1.449655356837889,0.0,0.0,0.0
8.098554372787476,1.0,0,0,1557878670,601259708,0.00022460936452262104,9.765624781721272e-06,-1.449655356837889,0.0,0.0,0.0
8.187533855438232,1.0,0,0,1557878670,690317153,0.00022460936452262104,9.765624781721272e-06,-1.449655356837889,0.0,0.0,0.0
8.276741981506348,1.0,0,0,1557878670,779357194,0.00022460936452262104,9.765624781721272e-06,-1.449655356837889,0.0,0.0,0.0
8.365451335906982,1.0,0,0,1557878670,868483066,0.00022460936452262104,9.765624781721272e-06,-1.449655356837889,0.0,0.0,0.0
8.453049182891846,1.0,0,0,1557878670,957173824,0.00022460936452262104,9.765624781721272e-06,-1.449655356837889,0.0,0.0,0.0
8.54154634475708,1.0,0,0,1557878671,44726133,0.00022460936452262104,9.765624781721272e-06,-1.449655356837889,0.0,0.0,0.0
8.631760835647583,1.0,0,0,1557878671,133492708,0.00022460936452262104,9.765624781721272e-06,-1.449655356837889,0.0,0.0,0.0
8.723048448562622,1.0,0,0,1557878671,224459409,0.00022460936452262104,9.765624781721272e-06,-1.449655356837889,0.0,0.0,0.0
8.813785791397095,1.0,0,0,1557878671,314764499,0.00022460936452262104,9.765624781721272e-06,-1.449655356837889,0.0,0.0,0.0
8.904808759689331,1.0,0,0,1557878671,405488729,0.00022460936452262104,9.765624781721272e-06,-1.449655356837889,0.0,0.0,0.0
8.995279312133789,1.0,0,0,1557878671,496494054,0.00022460936452262104,9.765624781721272e-06,-1.449655356837889,0.0,0.0,0.0
9.089409828186035,1.0,0,0,1557878671,587058067,0.00022460936452262104,9.765624781721272e-06,-1.449655356837889,0.0,0.0,0.0
9.179640769958496,1.0,0,0,1557878671,681136608,0.00022460936452262104,9.765624781721272e-06,-1.449655356837889,0.0,0.0,0.0
9.270103454589844,1.0,0,0,1557878671,771299123,0.00022460936452262104,9.765624781721272e-06,-1.449655356837889,0.0,0.0,0.0
9.368038654327393,1.0,0,0,1557878671,861896991,0.00022460936452262104,9.765624781721272e-06,-1.449655356837889,0.0,0.0,0.0
9.461219310760498,1.0,0,0,1557878671,962040662,0.00022460936452262104,9.765624781721272e-06,-1.449655356837889,0.0,0.0,0.0
9.558269739151001,1.0,0,0,1557878672,57692527,0.00022460936452262104,9.765624781721272e-06,-1.449655356837889,0.0,0.0,0.0
9.650151491165161,1.0,0,0,1557878672,149969100,0.00022460936452262104,9.765624781721272e-06,-1.449655356837889,0.0,0.0,0.0
9.744877099990845,1.0,0,0,1557878672,241906404,0.00022460936452262104,9.765624781721272e-06,-1.449655356837889,0.0,0.0,0.0
9.83853530883789,1.0,0,0,1557878672,336557626,0.00022460936452262104,9.765624781721272e-06,-1.449655356837889,0.0,0.0,0.0
9.983943223953247,1.0,0,0,1557878672,430194854,0.00022460936452262104,9.765624781721272e-06,-1.449655356837889,0.0,0.0,0.0
10.076864242553711,1.0,0,0,1557878672,575691461,0.00022460936452262104,9.765624781721272e-06,-1.449655356837889,0.0,0.0,0.0
10.172821998596191,1.0,0,0,1557878672,668592691,0.00022460936452262104,9.765624781721272e-06,-1.449655356837889,0.0,0.0,0.0
10.266970157623291,1.0,0,0,1557878672,764600038,0.00022460936452262104,9.765624781721272e-06,-1.449655356837889,0.0,0.0,0.0
10.361847400665283,1.0,0,0,1557878672,858768701,0.00022460936452262104,9.765624781721272e-06,-1.449655356837889,0.0,0.0,0.0
10.459434986114502,1.0,0,0,1557878672,953459262,0.00022460936452262104,9.765624781721272e-06,-1.449655356837889,0.0,0.0,0.0
10.5558021068573,1.0,0,0,1557878673,51205635,0.00022460936452262104,9.765624781721272e-06,-1.449655356837889,0.0,0.0,0.0
10.652370691299438,1.0,0,0,1557878673,147483587,0.00022460936452262104,9.765624781721272e-06,-1.449655356837889,0.0,0.0,0.0
10.749203443527222,1.0,0,0,1557878673,244080781,0.00022460936452262104,9.765624781721272e-06,-1.449655356837889,0.0,0.0,0.0
10.844488859176636,1.0,0,0,1557878673,340890407,0.00022460936452262104,9.765624781721272e-06,-1.449655356837889,0.0,0.0,0.0
10.940341711044312,1.0,0,0,1557878673,436193466,0.00022460936452262104,9.765624781721272e-06,-1.449655356837889,0.0,0.0,0.0
11.037997961044312,1.0,0,0,1557878673,532099008,0.00022460936452262104,9.765624781721272e-06,-1.449655356837889,0.0,0.0,0.0
11.134856700897217,1.0,0,0,1557878673,629735708,0.00022460936452262104,9.765624781721272e-06,-1.449655356837889,0.0,0.0,0.0
11.232428312301636,1.0,0,0,1557878673,726469516,0.00022460936452262104,9.765624781721272e-06,-1.449655356837889,0.0,0.0,0.0
11.325889348983765,1.0,0,0,1557878673,824171543,0.00022460936452262104,9.765624781721272e-06,-1.449655356837889,0.0,0.0,0.0
11.422032117843628,1.0,0,0,1557878673,917563676,0.00022460936452262104,9.765624781721272e-06,-1.449655356837889,0.0,0.0,0.0
11.52085018157959,1.0,0,0,1557878674,13755321,0.00022460936452262104,9.765624781721272e-06,-1.449655356837889,0.0,0.0,0.0
11.616844892501831,1.0,0,0,1557878674,112564325,0.00022460936452262104,9.765624781721272e-06,-1.449655356837889,0.0,0.0,0.0
11.73987865447998,1.0,0,0,1557878674,208531141,0.00022460936452262104,9.765624781721272e-06,-1.449655356837889,0.0,0.0,0.0
11.835958242416382,1.0,0,0,1557878674,331687450,0.00022460936452262104,9.765624781721272e-06,-1.449655356837889,0.0,0.0,0.0
11.930808305740356,1.0,0,0,1557878674,427686214,0.00022460936452262104,9.765624781721272e-06,-1.449655356837889,0.0,0.0,0.0
12.02631402015686,1.0,0,0,1557878674,524041414,0.00022460936452262104,9.765624781721272e-06,-1.449655356837889,0.0,0.0,0.0
12.12085747718811,1.0,0,0,1557878674,618045330,0.00022460936452262104,9.765624781721272e-06,-1.449655356837889,0.0,0.0,0.0
12.2143075466156,1.0,0,0,1557878674,712512016,0.00022460936452262104,9.765624781721272e-06,-1.449655356837889,0.0,0.0,0.0
12.310244798660278,1.0,0,0,1557878674,805997610,0.00022460936452262104,9.765624781721272e-06,-1.449655356837889,0.0,0.0,0.0
12.405060529708862,1.0,0,0,1557878674,902031421,0.00022460936452262104,9.765624781721272e-06,-1.449655356837889,0.0,0.0,0.0
12.505471467971802,1.0,0,0,1557878674,996891736,0.00022460936452262104,9.765624781721272e-06,-1.449655356837889,0.0,0.0,0.0
12.60517430305481,1.0,0,0,1557878675,97311258,0.00022460936452262104,9.765624781721272e-06,-1.449655356837889,0.0,0.0,0.0
12.69999361038208,1.0,0,0,1557878675,196900844,0.00022460936452262104,9.765624781721272e-06,-1.449655356837889,0.0,0.0,0.0
12.809535026550293,1.0,0,0,1557878675,291652441,0.00022460936452262104,9.765624781721272e-06,-1.449655356837889,0.0,0.0,0.0
12.905850172042847,1.0,0,0,1557878675,401259183,0.00022460936452262104,9.765624781721272e-06,-1.449655356837889,0.0,0.0,0.0
13.00559115409851,1.0,0,0,1557878675,499497890,0.00022460936452262104,9.765624781721272e-06,-1.449655356837889,0.0,0.0,0.0
13.107757806777954,1.0,0,0,1557878675,597143650,0.00022460936452262104,9.765624781721272e-06,-1.449655356837889,0.0,0.0,0.0
13.209336757659912,1.0,0,0,1557878675,699514865,0.00022460936452262104,9.765624781721272e-06,-1.449655356837889,0.0,0.0,0.0
13.309571743011475,1.0,0,0,1557878675,801076173,0.00022460936452262104,9.765624781721272e-06,-1.449655356837889,0.0,0.0,0.0
13.40870189666748,1.0,0,0,1557878675,901897430,0.00022460936452262104,9.765624781721272e-06,-1.449655356837889,0.0,0.0,0.0
13.512924671173096,1.0,0,0,1557878676,451803,0.00022460936452262104,9.765624781721272e-06,-1.449655356837889,0.0,0.0,0.0
13.627462148666382,1.0,0,0,1557878676,104589223,0.00022460936452262104,9.765624781721272e-06,-1.449655356837889,0.0,0.0,0.0
13.742777824401855,1.0,0,0,1557878676,219212055,0.00022460936452262104,9.765624781721272e-06,-1.449655356837889,0.0,0.0,0.0
13.891099452972412,1.0,0,0,1557878676,334468364,0.00022460936452262104,9.765624781721272e-06,-1.449655356837889,0.0,0.0,0.0
13.987928628921509,1.0,0,0,1557878676,482686758,0.00022460936452262104,9.765624781721272e-06,-1.449655356837889,0.0,0.0,0.0
14.084705829620361,1.0,0,0,1557878676,579578876,0.00022460936452262104,9.765624781721272e-06,-1.449655356837889,0.0,0.0,0.0
14.183687448501587,1.0,0,0,1557878676,676407575,0.00022460936452262104,9.765624781721272e-06,-1.449655356837889,0.0,0.0,0.0
14.281232833862305,1.0,0,0,1557878676,775415658,0.00022460936452262104,9.765624781721272e-06,-1.449655356837889,0.0,0.0,0.0
14.380000352859497,1.0,0,0,1557878676,872874736,0.00022460936452262104,9.765624781721272e-06,-1.449655356837889,0.0,0.0,0.0
14.478846311569214,1.0,0,0,1557878676,971692562,0.00022460936452262104,9.765624781721272e-06,-1.449655356837889,0.0,0.0,0.0
14.580549955368042,1.0,0,0,1557878677,70503711,0.00022460936452262104,9.765624781721272e-06,-1.449655356837889,0.0,0.0,0.0
14.681916236877441,1.0,0,0,1557878677,172264337,0.00022460936452262104,9.765624781721272e-06,-1.449655356837889,0.0,0.0,0.0
14.780619144439697,1.0,0,0,1557878677,273621797,0.00022460936452262104,9.765624781721272e-06,-1.449655356837889,0.0,0.0,0.0
14.880730628967285,1.0,0,0,1557878677,372368335,0.00022460936452262104,9.765624781721272e-06,-1.449655356837889,0.0,0.0,0.0
14.993650674819946,1.0,0,0,1557878677,472390413,0.00022460936452262104,9.765624781721272e-06,-1.449655356837889,0.0,0.0,0.0
15.091345071792603,1.0,0,0,1557878677,585316896,0.00022460936452262104,9.765624781721272e-06,-1.449655356837889,0.0,0.0,0.0
15.193416595458984,1.0,0,0,1557878677,683099031,0.00022460936452262104,9.765624781721272e-06,-1.449655356837889,0.0,0.0,0.0
15.292975664138794,1.0,0,0,1557878677,785205602,0.00022460936452262104,9.765624781721272e-06,-1.449655356837889,0.0,0.0,0.0
15.398001670837402,1.0,0,0,1557878677,884973526,0.00022460936452262104,9.765624781721272e-06,-1.449655356837889,0.0,0.0,0.0
15.499908208847046,1.0,0,0,1557878677,990044116,0.00022460936452262104,9.765624781721272e-06,-1.449655356837889,0.0,0.0,0.0
15.609706401824951,1.0,0,0,1557878678,91628789,0.00022460936452262104,9.765624781721272e-06,-1.449655356837889,0.0,0.0,0.0
15.711457252502441,1.0,0,0,1557878678,201684951,0.00022460936452262104,9.765624781721272e-06,-1.449655356837889,0.0,0.0,0.0
15.829699277877808,1.0,0,0,1557878678,303097486,0.00022460936452262104,9.765624781721272e-06,-1.449655356837889,0.0,0.0,0.0
15.928232192993164,1.0,0,0,1557878678,421484231,0.00022460936452262104,9.765624781721272e-06,-1.449655356837889,0.0,0.0,0.0
16.02807116508484,1.0,0,0,1557878678,519916534,0.00022460936452262104,9.765624781721272e-06,-1.449655356837889,0.0,0.0,0.0
16.13269019126892,1.0,0,0,1557878678,619837760,0.00022460936452262104,9.765624781721272e-06,-1.449655356837889,0.0,0.0,0.0
16.23451042175293,1.0,0,0,1557878678,724405050,0.00022460936452262104,9.765624781721272e-06,-1.449655356837889,0.0,0.0,0.0
16.335043907165527,1.0,0,0,1557878678,826356649,0.00022460936452262104,9.765624781721272e-06,-1.449655356837889,0.0,0.0,0.0
16.432048559188843,1.0,0,0,1557878678,926721572,0.00022460936452262104,9.765624781721272e-06,-1.449655356837889,0.0,0.0,0.0
16.535231590270996,1.0,0,0,1557878679,23755311,0.00022460936452262104,9.765624781721272e-06,-1.449655356837889,0.0,0.0,0.0
16.63951301574707,1.0,0,0,1557878679,127163410,0.00022460936452262104,9.765624781721272e-06,-1.449655356837889,0.0,0.0,0.0
16.742044687271118,1.0,0,0,1557878679,234880208,0.00022460936452262104,9.765624781721272e-06,-1.449655356837889,0.0,0.0,0.0
16.8467013835907,1.0,0,0,1557878679,335998535,0.00022460936452262104,9.765624781721272e-06,-1.449655356837889,0.0,0.0,0.0
16.95012664794922,1.0,0,0,1557878679,440530061,0.00022460936452262104,9.765624781721272e-06,-1.449655356837889,0.0,0.0,0.0
17.05077886581421,1.0,0,0,1557878679,541913270,0.00022460936452262104,9.765624781721272e-06,-1.449655356837889,0.0,0.0,0.0
17.148739337921143,1.0,0,0,1557878679,642468929,0.00022460936452262104,9.765624781721272e-06,-1.449655356837889,0.0,0.0,0.0
17.24808931350708,1.0,0,0,1557878679,740427494,0.00022460936452262104,9.765624781721272e-06,-1.449655356837889,0.0,0.0,0.0
17.35224151611328,1.0,0,0,1557878679,843828201,0.00022460936452262104,9.765624781721272e-06,-1.449655356837889,0.0,0.0,0.0
17.452361583709717,1.0,0,0,1557878679,943903684,0.00022460936452262104,9.765624781721272e-06,-1.449655356837889,0.0,0.0,0.0
17.552387952804565,1.0,0,0,1557878680,44131040,0.00022460936452262104,9.765624781721272e-06,-1.449655356837889,0.0,0.0,0.0
17.655657529830933,1.0,0,0,1557878680,144142150,0.00022460936452262104,9.765624781721272e-06,-1.449655356837889,0.0,0.0,0.0
17.75708270072937,1.0,0,0,1557878680,247736692,0.00022460936452262104,9.765624781721272e-06,-1.449655356837889,0.0,0.0,0.0
17.859249353408813,1.0,0,0,1557878680,349008083,0.00022460936452262104,9.765624781721272e-06,-1.449655356837889,0.0,0.0,0.0
17.960988998413086,1.0,0,0,1557878680,452167510,0.00022460936452262104,9.765624781721272e-06,-1.449655356837889,0.0,0.0,0.0
18.06149673461914,1.0,0,0,1557878680,552672863,0.00022460936452262104,9.765624781721272e-06,-1.449655356837889,0.0,0.0,0.0
18.163271188735962,1.0,0,0,1557878680,653172969,0.00022460936452262104,9.765624781721272e-06,-1.449655356837889,0.0,0.0,0.0
18.314451694488525,1.0,0,0,1557878680,754913568,0.00022460936452262104,9.765624781721272e-06,-1.449655356837889,0.0,0.0,0.0
18.415823698043823,1.0,0,0,1557878680,906146764,0.00022460936452262104,1.0375976671639364e-05,-1.4496553567243606,0.0,0.0,-1.1825897592974974
18.51777410507202,1.0,0,0,1557878681,7565021,0.00021484374883584678,1.2207030522404239e-05,-1.4496553562642462,0.0,0.0,-0.9457211553543164
18.621856927871704,1.0,0,0,1557878681,111841678,0.00021484374883584678,1.2817382412322331e-05,-1.4496553560911911,0.0,0.0,-1.1195998541495735
18.726940631866455,1.0,0,0,1557878681,213433742,0.00021484374883584678,1.3427734302240424e-05,-1.4496553559695038,0.0,0.0,-0.8943835597589814
18.831225156784058,1.0,0,0,1557878681,320930719,0.016630858182907104,-0.13488341867923737,-1.4496873327675355,0.32489776611328125,-2.669051170349121,-3.1360748859129925
18.932668447494507,1.0,0,0,1557878681,422980308,0.06436523050069809,-0.527040421962738,-1.4497287748772612,0.5716629028320312,-4.698126316070557,-3.137650958379452
19.035757541656494,1.0,0,0,1557878681,524324178,0.13350585103034973,-1.0952434539794922,-1.4497562734903309,0.7519378662109375,-6.181299448013306,3.1411373907358042
19.138251066207886,1.0,0,0,1557878681,627464294,0.19560547173023224,-1.6058917045593262,-1.4497699687009937,0.743408203125,-6.112361431121826,3.1380955463204647
19.242685794830322,1.0,0,0,1557878681,732113361,0.28609374165534973,-2.3500566482543945,-1.4498044480443788,1.0153274536132812,-8.349498271942139,3.1410140881268758
19.34363579750061,1.0,0,0,1557878681,834404468,0.3883007764816284,-3.190580368041992,-1.4498187145030876,1.14105224609375,-9.385152518749237,3.1410131789450673
19.44447684288025,1.0,0,0,1557878681,935350418,0.4698241949081421,-3.861206531524658,-1.4498426928942336,1.19207763671875,-9.806057050824165,3.1269934573646188
19.546818256378174,1.0,0,0,1557878682,36269426,0.5663769245147705,-4.655655860900879,-1.4498685416722974,1.3140716552734375,-10.811558723449707,-3.1401778771323534
19.64948582649231,1.0,0,0,1557878682,140825033,0.6953125,-5.760432720184326,-1.4562133314289898,1.2310714721679688,-11.245720148086548,-3.139599341153323
19.749101161956787,1.0,0,0,1557878682,241124153,0.7487011551856995,-6.265535354614258,-1.4636813769994486,1.149627685546875,-11.243397116661072,-3.1394687985146774
19.85123586654663,1.0,0,0,1557878682,342380046,0.832812488079071,-7.1408891677856445,-1.477696548594374,0.9839248657226562,-10.72073233127594,-3.1381229902372167
19.953406810760498,1.0,0,0,1557878682,442772150,0.95008784532547,-8.428569793701172,-1.4839964485581203,0.9490127563476562,-10.658641278743744,3.1289132760794818
20.05432415008545,1.0,0,0,1557878682,545150995,1.01708984375,-9.191184043884277,-1.484176575005104,0.8886184692382812,-10.15614067018032,2.9117589186646207
20.1608989238739,1.0,0,0,1557878682,648359775,1.0769726037979126,-10.00296401977539,-1.4980960838436232,0.6366043090820312,-10.2976695895195,3.1415647742009543
20.265770196914673,1.0,0,0,1557878682,754745960,1.1263866424560547,-10.897993087768555,-1.516646831900028,0.5299301147460938,-9.772194147109985,-3.141022554119517
20.367740154266357,1.0,0,0,1557878682,857440471,1.1742773056030273,-11.795546531677246,-1.5169351749722015,0.504638671875,-9.41611260175705,-3.1400648390702344
20.47062373161316,1.0,0,0,1557878682,959584712,1.2319042682647705,-12.855165481567383,-1.5059151947286222,0.5121841430664062,-8.750386953353882,3.1413278526122754
20.57345724105835,1.0,0,0,1557878683,62347888,1.2769042253494263,-13.558268547058105,-1.5201470956981373,0.5832977294921875,-9.111173033714294,-3.1412885200890224
20.679547548294067,1.0,0,0,1557878683,165143966,1.312255859375,-14.189376831054688,-1.507685491453239,0.434326171875,-7.919663667678833,-3.141168194003538
20.783365488052368,1.0,0,0,1557878683,271216392,1.360683560371399,-15.01644515991211,-1.4932704672322255,0.5064239501953125,-8.2930828332901,3.1415865627083677
20.888575553894043,1.0,0,0,1557878683,375134468,1.3986132144927979,-15.558808326721191,-1.4962534066545614,0.644683837890625,-8.818904399871826,-3.1403095018561307
20.99234390258789,1.0,0,0,1557878683,480265378,1.44775390625,-16.202802658081055,-1.5030517124327318,0.6312484741210938,-8.446168780326843,-3.141200604513592
21.096580505371094,1.0,0,0,1557878683,584102392,1.5213769674301147,-17.25654411315918,-1.5121203436739716,0.5931472778320312,-9.08659052848816,3.1410775221143874
21.202747583389282,1.0,0,0,1557878683,688383817,1.559414029121399,-17.87059211730957,-1.5023449944455178,0.5617904663085938,-8.720611572265625,-3.141584231143438
21.30443286895752,1.0,0,0,1557878683,794478654,1.6170897483825684,-18.725236892700195,-1.5124433225023945,0.5488739013671875,-8.410449147224426,-3.1412577661250327
21.40619921684265,1.0,0,0,1557878683,896148443,1.669863224029541,-19.585494995117188,-1.5201630262961323,0.4761505126953125,-8.247207641601562,-3.1407205281560295
21.51059603691101,1.0,0,0,1557878683,997844934,1.7075682878494263,-20.268983840942383,-1.5314302960915531,0.48073577880859375,-9.053159713745117,3.1415539895107165
21.614171504974365,1.0,0,0,1557878684,102229833,1.7434179782867432,-21.041784286499023,-1.5334127566293763,0.38944244384765625,-8.818511962890625,3.141476582971595
21.72364854812622,1.0,0,0,1557878684,208127975,1.7655565738677979,-21.5816650390625,-1.527677892655358,0.3264923095703125,-7.944366455078125,-3.14156381179392
21.827829837799072,1.0,0,0,1557878684,315382242,1.798915982246399,-22.439016342163086,-1.5358913081080627,0.244354248046875,-7.4768877029418945,-3.140059812791138
21.933164596557617,1.0,0,0,1557878684,419535160,1.816162109375,-22.93709373474121,-1.5380150093436107,0.28271484375,-8.064496994018555,-3.1413767187269395
22.039308309555054,1.0,0,0,1557878684,524851560,1.8537791967391968,-23.948883056640625,-1.5084457279316732,0.29804229736328125,-6.946646690368652,3.1415457638153392
22.146392345428467,1.0,0,0,1557878684,631090164,1.8768457174301147,-24.24680519104004,-1.4988037426848522,0.7191085815429688,-7.612258195877075,-3.14037562333159
22.254863500595093,1.0,0,0,1557878684,738085031,1.9845409393310547,-24.922908782958984,-1.4419237088818926,1.3751907348632812,-7.4360058307647705,-3.1415240106198534
22.36197328567505,1.0,0,0,1557878684,846608161,2.148027181625366,-25.98906898498535,-1.3924964646332718,1.2062301635742188,-7.580214738845825,-3.141592224004391
22.4697585105896,1.0,0,0,1557878684,953623056,2.1939940452575684,-26.266523361206055,-1.3889956445911815,1.2784652709960938,-7.578262805938721,3.1415822199510313
22.578057289123535,1.0,0,0,1557878685,61481237,2.3203418254852295,-26.959543228149414,-1.4233805434872107,1.2479248046875,-7.109997510910034,-3.139535544685517
22.6860089302063,1.0,0,0,1557878685,169807434,2.4508299827575684,-27.795063018798828,-1.420363318362458,1.1364593505859375,-7.411473989486694,3.135047146697704
22.795393466949463,1.0,0,0,1557878685,277800798,2.525634765625,-28.287601470947266,-1.413022228795013,1.0659942626953125,-6.927685499191284,-3.141511680918611
22.903605699539185,1.0,0,0,1557878685,387136697,2.632558584213257,-28.956254959106445,-1.432017221663735,1.0627975463867188,-6.775257587432861,-3.0907121432337137
23.015956163406372,1.0,0,0,1557878685,495358467,2.7524805068969727,-29.78764533996582,-1.4174897298165574,1.0823135375976562,-7.297645807266235,-3.1404680994635337
23.125834941864014,1.0,0,0,1557878685,607649326,2.816777229309082,-30.211139678955078,-1.4218257825338578,0.9938812255859375,-6.530703783035278,3.1411833195302634
23.235952138900757,1.0,0,0,1557878685,717527627,2.913564443588257,-30.85671043395996,-1.4058222935781675,1.0115966796875,-6.53342342376709,3.1400968308172605
23.34486484527588,1.0,0,0,1557878685,827620267,3.068984270095825,-31.782583236694336,-1.3954885816542406,1.128173828125,-6.302181959152222,3.133693789755258
23.451526641845703,1.0,0,0,1557878685,936623573,3.1168065071105957,-32.046566009521484,-1.3965732673240039,1.1466827392578125,-6.340162992477417,3.1413779318690973
23.56008243560791,1.0,0,0,1557878686,43282985,3.2261717319488525,-32.67703628540039,-1.3746804989840473,1.1073989868164062,-6.287012338638306,-3.140774442042736
23.670418739318848,1.0,0,0,1557878686,151637077,3.3426170349121094,-33.27481460571289,-1.3971149986676819,1.1819610595703125,-6.130544424057007,-3.069501303347282
23.784553289413452,1.0,0,0,1557878686,264790773,3.496962785720825,-34.1247444152832,-1.37700901122287,1.1389007568359375,-5.87548303604126,3.1403407331644004
23.895329236984253,1.0,0,0,1557878686,378431797,3.593388557434082,-34.53146743774414,-1.367705157744809,1.619354248046875,-6.438681602478027,-3.1409198574483588
24.00897216796875,1.0,0,0,1557878686,490481615,3.7615721225738525,-35.175697326660156,-1.3093946887303878,1.6874771118164062,-6.216765642166138,3.1408363500167584
24.17907953262329,1.0,0,0,1557878686,600707769,3.86480450630188,-35.55778884887695,-1.3240067827117177,1.5923080444335938,-6.097182512283325,3.139393169022354
24.290225982666016,1.0,0,0,1557878686,772646427,4.143398284912109,-36.5858154296875,-1.315153368189232,1.5421829223632812,-5.4524993896484375,-3.1050848656845598
24.401862144470215,1.0,0,0,1557878686,881978034,4.256005764007568,-37.04680633544922,-1.3119374665833685,1.47552490234375,-6.788239240646362,3.0859179757990667
24.513928651809692,1.0,0,0,1557878686,993444442,4.393115043640137,-37.678138732910156,-1.3442903338328844,1.2299652099609375,-5.8931708335876465,-3.1415925443111297
24.628906726837158,1.0,0,0,1557878687,105580091,4.500644207000732,-38.17137908935547,-1.3303938727776539,1.5800552368164062,-7.1203742027282715,-3.1413089061634225
24.74135398864746,1.0,0,0,1557878687,220450878,4.639785289764404,-38.76008605957031,-1.3327001459585965,1.7147750854492188,-7.028751850128174,-3.1404449345610095
24.855480909347534,1.0,0,0,1557878687,333038330,4.830214500427246,-39.53554916381836,-1.3134406749495398,1.8552017211914062,-7.246943235397339,-3.1338854844176858
24.97378635406494,1.0,0,0,1557878687,449605703,5.001748085021973,-40.19328689575195,-1.3191005392669592,2.0220794677734375,-7.795049428939819,3.132970362783586
25.086845636367798,1.0,0,0,1557878687,566948175,5.192626953125,-40.93369674682617,-1.3200538629951521,2.1237564086914062,-8.26516592502594,-3.129962458071816
25.200635194778442,1.0,0,0,1557878687,678528308,5.384033203125,-41.680389404296875,-1.3202622230459327,2.2304916381835938,-8.712687373161316,-3.1147465786741737
25.317481517791748,1.0,0,0,1557878687,792420625,5.564101219177246,-42.38383102416992,-1.3207719946202499,2.4860000610351562,-9.716091245412827,3.1087571583195808
25.4349582195282,1.0,0,0,1557878687,909124851,5.885312557220459,-43.640830993652344,-1.3206484663107003,2.5726394653320312,-10.068947672843933,3.040140410289959
25.552098512649536,1.0,0,0,1557878688,26747941,6.095664024353027,-44.51411819458008,-1.3352573677451554,2.3706588745117188,-10.53025871515274,3.141392833951351
25.670964241027832,1.0,0,0,1557878688,143934011,6.252236366271973,-45.261619567871094,-1.3649292248110927,2.134613037109375,-10.830189108848572,-3.141469211195325
25.787555932998657,1.0,0,0,1557878688,262649536,6.597870826721191,-47.04183578491211,-1.3900211264641842,2.1952438354492188,-11.671807765960693,3.1415012317167217
25.905260801315308,1.0,0,0,1557878688,379230737,6.807763576507568,-48.17826461791992,-1.3918632769785022,2.2183914184570312,-12.122753858566284,-3.138568727532895
26.020591259002686,1.0,0,0,1557878688,497004985,7.00524377822876,-49.26454162597656,-1.3922966482959604,2.2651214599609375,-12.497497320175171,2.4172896673988697
26.135043621063232,1.0,0,0,1557878688,612327337,7.245087623596191,-50.59141540527344,-1.3924390576080254,2.3365554809570312,-12.941091060638428,0.7816075913297286
26.24885845184326,1.0,0,0,1557878688,726824998,7.467998027801514,-51.82724380493164,-1.3924717546309056,2.4042510986328125,-13.33012080192566,-2.416033260221896
26.36538338661194,1.0,0,0,1557878688,840492010,7.685634613037109,-53.033939361572266,-1.392532521472204,2.4745407104492188,-13.701637983322144,2.5250214643370676
26.482194423675537,1.0,0,0,1557878688,956983566,7.945566177368164,-54.474910736083984,-1.3925678781791129,2.5425949096679688,-14.110024452209473,2.267087025355743
26.600516080856323,1.0,0,0,1557878689,73873758,8.205780982971191,-55.919227600097656,-1.392590951013438,2.6115493774414062,-14.49688720703125,-0.9840082474619736
26.721615076065063,1.0,0,0,1557878689,194432973,8.39859390258789,-56.989681243896484,-1.3926051826478683,2.6604766845703125,-14.770007133483887,0.48642775383913117
26.84211301803589,1.0,0,0,1557878689,315984725,8.7158784866333,-58.75126266479492,-1.392627902563792,2.7368392944335938,-15.19618034362793,1.591504247231763
26.96068048477173,1.0,0,0,1557878689,433902263,8.956045150756836,-60.084896087646484,-1.3926440804607527,2.79058837890625,-15.496148586273193,2.088305647079432
27.079787254333496,1.0,0,0,1557878689,552393674,9.33290958404541,-62.177860260009766,-1.3926666976307203,2.8513565063476562,-15.835851669311523,2.9621546139176314
27.197321891784668,1.0,0,0,1557878689,671576738,9.630790710449219,-63.83240509033203,-1.392675252592323,2.842529296875,-15.788319110870361,3.100521080675638
27.319075107574463,1.0,0,0,1557878689,788846731,9.840927124023438,-64.99951934814453,-1.392672981967996,2.7980728149414062,-15.541897773742676,3.1152618361786577
27.43824076652527,1.0,0,0,1557878689,910811424,10.195791244506836,-66.97071838378906,-1.3926583632404146,2.6911849975585938,-14.947959899902344,3.1078024239000417
27.56560182571411,1.0,0,0,1557878690,34102678,10.475936889648438,-68.52667999267578,-1.3926395749515559,2.59271240234375,-14.399900913238525,3.1180253355534657
27.68843150138855,1.0,0,0,1557878690,159575462,10.697480201721191,-69.75702667236328,-1.3926229688646936,2.5139923095703125,-13.961530685424805,-3.141408009089972
27.81209397315979,1.0,0,0,1557878690,280363321,10.996688842773438,-71.41862487792969,-1.3926014778159304,2.4047164916992188,-13.35298204421997,-3.141308607076867
27.93069338798523,1.0,0,0,1557878690,403798818,11.178476333618164,-72.42800903320312,-1.392589037916066,2.33642578125,-12.972786664962769,3.059784218527411
28.058635234832764,1.0,0,0,1557878690,524931430,11.41357421875,-73.73324584960938,-1.3925713477176436,2.24713134765625,-12.475732326507568,3.1256287136488536
28.178905248641968,1.0,0,0,1557878690,650144338,11.680917739868164,-75.21733093261719,-1.3925519633483452,2.14520263671875,-11.908410549163818,3.1364706613547657
28.3043532371521,1.0,0,0,1557878690,770607471,11.879921913146973,-76.32198333740234,-1.3925391879269347,2.0691375732421875,-11.485148787498474,-3.1370517343013726
28.428389310836792,1.0,0,0,1557878690,896146774,12.100136756896973,-77.54421997070312,-1.392523863750061,1.9852828979492188,-11.018675446510315,-3.1365496209203365
28.55619764328003,1.0,0,0,1557878691,23796796,12.268769264221191,-78.48008728027344,-1.392513118419634,1.920989990234375,-10.661166906356812,3.1405625340617167
28.680778980255127,1.0,0,0,1557878691,147744417,12.427470207214355,-79.36076354980469,-1.3925027089488031,1.860595703125,-10.3252794444561,3.1395210358397794
28.80923318862915,1.0,0,0,1557878691,272490501,12.674100875854492,-80.72938537597656,-1.3924876442207235,1.7668304443359375,-9.804081961512566,3.134492220025705
28.935072660446167,1.0,0,0,1557878691,400968551,12.858564376831055,-81.75286102294922,-1.3924767309869204,1.6965866088867188,-9.41363149881363,-3.14020510890219
29.133878469467163,1.0,0,0,1557878691,526773214,13.000106811523438,-82.53829193115234,-1.3924689467512867,1.6426544189453125,-9.113957464694977,3.13236219575521
29.257094621658325,1.0,0,0,1557878691,725631237,13.22427749633789,-83.78211975097656,-1.39245980419914,1.5607681274414062,-8.659085035324097,3.141022988307799
29.386611938476562,1.0,0,0,1557878691,848820924,13.272109031677246,-84.0474624633789,-1.3924515926423386,1.5332794189453125,-8.506461143493652,-3.137741373666596
29.51194953918457,1.0,0,0,1557878691,978286027,13.488017082214355,-85.2452163696289,-1.3924587817116818,1.4354248046875,-7.963503360748291,-3.1369830787717534
29.64258885383606,1.0,0,0,1557878692,103618860,13.660683631896973,-86.203125,-1.3925718518189523,1.3658981323242188,-7.582131862640381,-3.133594284573553
29.776427030563354,1.0,0,0,1557878692,234328508,13.784374237060547,-86.88972473144531,-1.3927678619017583,1.3810348510742188,-7.665920972824097,-3.140058976702822
29.906335592269897,1.0,0,0,1557878692,368148803,13.938691139221191,-87.7417984008789,-1.3960072037329256,1.2596359252929688,-6.987557411193848,-3.141146346282779
30.03846764564514,1.0,0,0,1557878692,498038291,14.082782745361328,-88.55789184570312,-1.3931381226275197,1.1232376098632812,-6.4383885860443115,-3.141324263399954
30.168987274169922,1.0,0,0,1557878692,630155324,14.1709566116333,-89.04479217529297,-1.4113231831083854,1.2932281494140625,-7.2293055057525635,-3.1414316637933872
30.298974752426147,1.0,0,0,1557878692,760715484,14.318896293640137,-89.94454193115234,-1.425046339774272,1.035003662109375,-6.654057502746582,3.141565253760776
30.429718017578125,1.0,0,0,1557878692,890686511,14.413740158081055,-90.58457946777344,-1.4019440373546046,0.7913818359375,-5.303560733795166,-3.141536210240572
30.561251401901245,1.0,0,0,1557878693,21482467,14.50584888458252,-91.12691497802734,-1.4236697031127636,0.972564697265625,-5.730306625366211,3.140937122067218
30.694761514663696,1.0,0,0,1557878693,152911424,14.596816062927246,-91.72476196289062,-1.394909055853892,0.9673538208007812,-5.818749904632568,-3.141321638206791
30.82646369934082,1.0,0,0,1557878693,286476850,14.67245101928711,-92.16775512695312,-1.3682476284618352,0.9787368774414062,-5.177053451538086,-3.127486280894063
30.959799766540527,1.0,0,0,1557878693,418160200,14.803837776184082,-92.81476593017578,-1.3832716288813496,0.9959945678710938,-5.0823845863342285,-3.141068917225196
31.09294033050537,1.0,0,0,1557878693,551529884,14.955507278442383,-93.55741882324219,-1.3536066265052438,1.0609893798828125,-4.809993267059326,3.138930555095865
31.225329160690308,1.0,0,0,1557878693,684657335,15.062118530273438,-94.04061126708984,-1.3536236719779886,1.0426025390625,-4.725980758666992,-0.20747113743403686
31.361405611038208,1.0,0,0,1557878693,820212841,15.16664981842041,-94.51437377929688,-1.353621995637863,1.0034637451171875,-4.548676013946533,-1.290481059719916e-05
31.49537968635559,1.0,0,0,1557878693,953122854,15.258407592773438,-94.93022155761719,-1.3536192906981748,0.969207763671875,-4.393136024475098,0.14424888849612028
31.636231899261475,1.0,0,0,1557878694,89584350,15.354022979736328,-95.36349487304688,-1.3536172712190448,0.9334716796875,-4.2309417724609375,0.335436273641062
31.769887924194336,1.0,0,0,1557878694,227962970,15.497089385986328,-96.0118637084961,-1.353614059194828,0.8800735473632812,-3.988605499267578,0.8140066265734912
31.902637004852295,1.0,0,0,1557878694,361570358,15.5752534866333,-96.36612701416016,-1.3536124424375557,0.8510513305664062,-3.856985569000244,1.316124313552641
32.03708600997925,1.0,0,0,1557878694,494376420,15.6802339553833,-96.85860443115234,-1.3581302889543427,0.66986083984375,-3.790841579437256,3.1412967926773
32.17225670814514,1.0,0,0,1557878694,628797769,15.710341453552246,-97.1480941772461,-1.3957304754752424,0.1657257080078125,-4.1610188484191895,3.1414648487495276
32.30905199050903,1.0,0,0,1557878694,763916254,15.648241996765137,-97.78575897216797,-1.5722700932357199,-1.0025711059570312,-5.280355930328369,3.1415673310590755
32.444600343704224,1.0,0,0,1557878694,900747060,15.530898094177246,-98.43267059326172,-1.6902422896304603,-1.0513992309570312,-5.893695831298828,-3.14142244749298
32.58034157752991,1.0,0,0,1557878695,36329746,15.471503257751465,-98.84501647949219,-1.715928223698547,-0.7383804321289062,-5.1553239822387695,-3.1390169670565933
32.71731901168823,1.0,0,0,1557878695,172275543,15.344941139221191,-99.71540832519531,-1.7075155742109516,-0.8354110717773438,-5.86219596862793,-2.42195785169189
32.853004455566406,1.0,0,0,1557878695,309005975,15.262548446655273,-100.2985610961914,-1.7122417954789515,-0.7136383056640625,-5.027449607849121,3.056559569555737
32.98997259140015,1.0,0,0,1557878695,444682598,15.197245597839355,-100.75774383544922,-1.712076095688235,-0.6841506958007812,-4.8124237060546875,1.4288736977484549
33.12744474411011,1.0,0,0,1557878695,581705808,15.121835708618164,-101.28787994384766,-1.7120744014100664,-0.656005859375,-4.6138129234313965,1.2872528533358147
33.27160668373108,1.0,0,0,1557878695,721564054,15.046884536743164,-101.81488800048828,-1.7120716928915787,-0.6280136108398438,-4.416551113128662,1.123612274503555
33.41043305397034,1.0,0,0,1557878695,863239049,14.949501991271973,-102.49958038330078,-1.712067962328131,-0.5916366577148438,-4.160472393035889,0.7878345844015808
33.5490608215332,1.0,0,0,1557878696,2293825,14.901816368103027,-102.83490753173828,-1.7120657617575772,-0.5738143920898438,-4.035019397735596,0.3726034192692537
33.688732624053955,1.0,0,0,1557878696,140745162,14.820478439331055,-103.40679168701172,-1.7120633027957022,-0.5436172485351562,-3.822628974914551,-1.2058114671321227
33.83678913116455,1.0,0,0,1557878696,280447244,14.759325981140137,-103.8368148803711,-1.7120611935668133,-0.5210418701171875,-3.663860321044922,-1.9093373135105594
33.9767107963562,1.0,0,0,1557878696,428483009,14.708847045898438,-104.1917724609375,-1.7120600939454114,-0.5022811889648438,-3.5320024490356445,-2.1945335766517338
34.11657905578613,1.0,0,0,1557878696,568515300,14.62874984741211,-104.75505828857422,-1.7120568863860381,-0.47194671630859375,-3.318760395050049,2.659093404653819
34.25744819641113,1.0,0,0,1557878696,708302736,14.59780216217041,-104.97267150878906,-1.7120558653275708,-0.46123504638671875,-3.243408679962158,-2.613500876284971
34.401721239089966,1.0,0,0,1557878696,849906206,14.576766967773438,-105.12060546875,-1.7120553607494289,-0.45343780517578125,-3.188652992248535,-2.39012985270048
34.54432034492493,1.0,0,0,1557878696,993393659,14.505399703979492,-105.62250518798828,-1.7120530843979185,-0.42708587646484375,-3.003321647644043,-2.428773037767052
34.689833641052246,1.0,0,0,1557878697,136069536,14.470624923706055,-105.86712646484375,-1.7120519853613847,-0.41422271728515625,-2.912919521331787,3.1413939094887713
34.83673167228699,1.0,0,0,1557878697,281492948,14.408466339111328,-106.30424499511719,-1.7120508862607942,-0.3912811279296875,-2.7516040802001953,-2.7941489573919114
34.98175835609436,1.0,0,0,1557878697,428548812,14.353759765625,-106.68900299072266,-1.7120495290270956,-0.37108612060546875,-2.609607219696045,-3.1415704587408793
35.12461543083191,1.0,0,0,1557878697,573394775,14.324433326721191,-106.89523315429688,-1.7120484299925285,-0.360260009765625,-2.5334529876708984,3.141592653589793
35.2668776512146,1.0,0,0,1557878697,716335058,14.27279281616211,-107.25841522216797,-1.712046826456627,-0.341217041015625,-2.399564743041992,3.1415015053672914
35.41189980506897,1.0,0,0,1557878697,858454465,14.238475799560547,-107.49969482421875,-1.7120463219537887,-0.3285980224609375,-2.3108301162719727,-3.1307496744658927
35.623111724853516,1.0,0,0,1557878698,3760099,14.20693302154541,-107.72161102294922,-1.7120452229203083,-0.3169097900390625,-2.228628158569336,3.1121453197429267
35.77861261367798,1.0,0,0,1557878698,214804649,14.148573875427246,-108.13208770751953,-1.7120433611834045,-0.29538726806640625,-2.077310085296631,-3.1363131253013194
35.92933773994446,1.0,0,0,1557878698,370329380,14.138466835021973,-108.20315551757812,-1.7120429467118183,-0.2916717529296875,-2.051204204559326,-3.113966116927158
36.083829402923584,1.0,0,0,1557878698,521107196,14.091670036315918,-108.53223419189453,-1.7120417576466542,-0.27443695068359375,-1.9300174713134766,-3.1378843687275344
36.13344717025757,1.0,0,0,1557878698,675461053,14.060585975646973,-108.75083923339844,-1.7120414213111537,-0.26299285888671875,-1.8495712280273438,-3.138239337411815
36.17809009552002,1.0,0,0,1557878698,725119829,14.057255744934082,-108.77425384521484,-1.7120414213119768,-0.26174163818359375,-1.8407182693481445,3.107806805051859
36.22416043281555,1.0,0,0,1557878698,769813537,14.047186851501465,-108.84502410888672,-1.7120409949462265,-0.25803375244140625,-1.8146686553955078,-3.1396499577910078
36.269667863845825,1.0,0,0,1557878698,815866947,14.035594940185547,-108.92658233642578,-1.7120409949469855,-0.253753662109375,-1.7845726013183594,3.1045616574596324
36.31438755989075,1.0,0,0,1557878698,861294031,14.022567749023438,-109.0181884765625,-1.7120404904446822,-0.24895477294921875,-1.7508792877197266,3.141016377187486
36.35846471786499,1.0,0,0,1557878698,906112432,14.00991153717041,-109.10720825195312,-1.7120404904464577,-0.24430084228515625,-1.7181119918823242,3.1402847575552757
36.40214014053345,1.0,0,0,1557878698,950217247,14.00991153717041,-109.10720825195312,-1.7120404904464577,-0.24430084228515625,-1.7181119918823242,3.1402847575552757
36.446038007736206,1.0,0,0,1557878698,993888616,13.993730545043945,-109.22101593017578,-1.712040490445014,-0.23836517333984375,-1.6763343811035156,-3.1157151907006377
36.4898886680603,1.0,0,0,1557878699,37745237,13.990927696228027,-109.2406997680664,-1.7120404904443904,-0.23729705810546875,-1.6688833236694336,-3.1122971582467076
36.53404998779297,1.0,0,0,1557878699,81563949,13.990927696228027,-109.2406997680664,-1.7120404904443904,-0.23729705810546875,-1.6688833236694336,-3.1122971582467076
36.5792977809906,1.0,0,0,1557878699,125710487,13.972451210021973,-109.37063598632812,-1.712039559575761,-0.23049163818359375,-1.6210079193115234,-3.139761599462923
36.62447190284729,1.0,0,0,1557878699,171045541,13.96060562133789,-109.45392608642578,-1.7120395595772413,-0.22613525390625,-1.590378761291504,3.1311295793306244
36.66912913322449,1.0,0,0,1557878699,216194629,13.956806182861328,-109.48062133789062,-1.712039559578403,-0.22473907470703125,-1.580556869506836,3.1020295965142637
36.71174430847168,1.0,0,0,1557878699,260720491,13.945380210876465,-109.5609359741211,-1.712039559580686,-0.220550537109375,-1.551091194152832,3.1267690117658935
36.75628614425659,1.0,0,0,1557878699,303545713,13.943544387817383,-109.57381439208984,-1.7120395595804372,-0.21985626220703125,-1.5461845397949219,-3.1210041878462773
36.798802852630615,1.0,0,0,1557878699,348048210,13.931327819824219,-109.65975952148438,-1.7120395595803675,-0.2153472900390625,-1.514505386352539,-3.1214206042597503
36.8425817489624,1.0,0,0,1557878699,390550851,13.931327819824219,-109.65975952148438,-1.7120395595803675,-0.2153472900390625,-1.514505386352539,-3.1214206042597503
36.88590407371521,1.0,0,0,1557878699,434327363,13.916854858398438,-109.76154327392578,-1.712039559580228,-0.21004486083984375,-1.477177619934082,3.1245117969129073
36.929975509643555,1.0,0,0,1557878699,477622985,13.9143648147583,-109.77903747558594,-1.7120395595798323,-0.2091064453125,-1.4705724716186523,-3.1208414445829167
36.97505807876587,1.0,0,0,1557878699,522308588,13.899267196655273,-109.88529205322266,-1.712039559579106,-0.20354461669921875,-1.4314842224121094,3.1344395382915082
37.01798439025879,1.0,0,0,1557878699,566807508,13.892207145690918,-109.93499755859375,-1.7120395595796436,-0.2009429931640625,-1.413198471069336,3.0902926394291717
37.06208920478821,1.0,0,0,1557878699,609653711,13.892207145690918,-109.93499755859375,-1.7120395595796436,-0.2009429931640625,-1.413198471069336,3.0902926394291717
37.10638785362244,1.0,0,0,1557878699,653764247,13.878671646118164,-110.0301742553711,-1.7120393013782411,-0.19597625732421875,-1.3782634735107422,-3.1121718461348467
37.15019464492798,1.0,0,0,1557878699,698039054,13.876239776611328,-110.04725646972656,-1.7120393013782285,-0.19506072998046875,-1.3718252182006836,-3.139908083643193
37.19528913497925,1.0,0,0,1557878699,741944551,13.869696617126465,-110.09322357177734,-1.7120393013785813,-0.192657470703125,-1.3549327850341797,3.1267410388173493
37.240317583084106,1.0,0,0,1557878699,787154197,13.861015319824219,-110.15422821044922,-1.712039301381798,-0.189453125,-1.3324298858642578,-3.1387160386896196
37.28473973274231,1.0,0,0,1557878699,832055807,13.850664138793945,-110.22705841064453,-1.7120388087752452,-0.18564605712890625,-1.3056516647338867,-3.1258170275372743
37.32898664474487,1.0,0,0,1557878699,876506090,13.841113090515137,-110.294189453125,-1.7120393013798156,-0.1821441650390625,-1.280954360961914,-3.1289727834843055
37.372153759002686,1.0,0,0,1557878699,920666933,13.841113090515137,-110.294189453125,-1.7120393013798156,-0.1821441650390625,-1.280954360961914,-3.1289727834843055
37.41606593132019,1.0,0,0,1557878699,963920116,13.829023361206055,-110.37923431396484,-1.7120393013808868,-0.17769622802734375,-1.2497491836547852,3.1306827276163185
37.459043741226196,1.0,0,0,1557878700,7814884,13.826913833618164,-110.39407348632812,-1.7120393013805655,-0.176910400390625,-1.244154930114746,-3.1165695445243093
37.50377368927002,1.0,0,0,1557878700,50892591,13.823896408081055,-110.4152603149414,-1.7120393013809376,-0.17580413818359375,-1.236368179321289,3.1228755626724296
37.54812455177307,1.0,0,0,1557878700,95507860,13.813182830810547,-110.4906234741211,-1.712038808774705,-0.17185211181640625,-1.2086067199707031,-3.111612294321431
37.592825174331665,1.0,0,0,1557878700,139884710,13.80385684967041,-110.55628967285156,-1.7120388087745368,-0.16841888427734375,-1.1844720840454102,-3.1123501759246412
37.63659715652466,1.0,0,0,1557878700,184511184,13.798867225646973,-110.59138488769531,-1.7120388087757044,-0.16658782958984375,-1.1715764999389648,3.081419415353913
37.6816508769989,1.0,0,0,1557878700,228350400,13.796103477478027,-110.61084747314453,-1.7120388087752276,-0.1655731201171875,-1.1644201278686523,-3.1152775813664624
37.725682973861694,1.0,0,0,1557878700,273378610,13.785078048706055,-110.68838500976562,-1.7120388087750213,-0.161529541015625,-1.1359634399414062,-3.1195099220535782
37.76869750022888,1.0,0,0,1557878700,317355155,13.780341148376465,-110.72168731689453,-1.7120388087752474,-0.15976715087890625,-1.1236028671264648,3.1098444440086466
37.812926292419434,1.0,0,0,1557878700,360462665,13.780341148376465,-110.72168731689453,-1.7120388087752474,-0.15976715087890625,-1.1236028671264648,3.1098444440086466
37.85669827461243,1.0,0,0,1557878700,404667139,13.769736289978027,-110.79629516601562,-1.7120388087757354,-0.15587615966796875,-1.0962419509887695,-3.129607645344662
37.90117883682251,1.0,0,0,1557878700,448434829,13.767870903015137,-110.80941009521484,-1.7120388087756098,-0.15462493896484375,-1.0874404907226562,3.120079248746188
37.94598340988159,1.0,0,0,1557878700,492906808,13.757333755493164,-110.8875961303711,-1.7202828338978664,-0.17333984375,-1.1874017715454102,3.1415876625872574
37.9899537563324,1.0,0,0,1557878700,537736177,13.75186538696289,-110.92469787597656,-1.7212960223057368,-0.19103240966796875,-1.2574234008789062,3.141494617859059
38.03425168991089,1.0,0,0,1557878700,581709861,13.7444429397583,-110.97374725341797,-1.7210099692452732,-0.22313690185546875,-1.4786462783813477,3.141432210950048
38.07732701301575,1.0,0,0,1557878700,625959873,13.727235794067383,-111.08863067626953,-1.711494264106691,-0.31697845458984375,-2.2375569343566895,-3.130373817702927
38.121896505355835,1.0,0,0,1557878700,669003725,13.727235794067383,-111.08863067626953,-1.711494264106691,-0.31697845458984375,-2.2375569343566895,-3.130373817702927
38.1668164730072,1.0,0,0,1557878700,713753938,13.714394569396973,-111.17929077148438,-1.7114788135318098,-0.3989105224609375,-2.816521644592285,-3.138765008574629
38.210922718048096,1.0,0,0,1557878700,758530855,13.693408012390137,-111.3275146484375,-1.7114829653750576,-0.4729156494140625,-3.3392934799194336,3.1386165845382314
38.25529718399048,1.0,0,0,1557878700,802611351,13.660810470581055,-111.55766296386719,-1.7114870370063127,-0.5113983154296875,-3.6109209060668945,3.086588393334733
38.29894542694092,1.0,0,0,1557878700,847094774,13.63760757446289,-111.72151184082031,-1.7114877085236562,-0.5091476440429688,-3.594913959503174,-3.1180113365969766
38.34461569786072,1.0,0,0,1557878700,890693187,13.63760757446289,-111.72151184082031,-1.7114877085236562,-0.5091476440429688,-3.594913959503174,-3.1180113365969766
38.38857865333557,1.0,0,0,1557878700,936389207,13.603798866271973,-111.96018981933594,-1.7114864273786456,-0.49851226806640625,-3.5198535919189453,-3.131047051372571
38.43072533607483,1.0,0,0,1557878700,980314254,13.589316368103027,-112.06248474121094,-1.7114863366679198,-0.49321746826171875,-3.4824767112731934,-3.131523432211107
38.47614574432373,1.0,0,0,1557878701,23014307,13.589316368103027,-112.06248474121094,-1.7114863366679198,-0.49321746826171875,-3.4824767112731934,-3.131523432211107
38.51954412460327,1.0,0,0,1557878701,67832231,13.550546646118164,-112.33612823486328,-1.7114848999549743,-0.47896575927734375,-3.381955623626709,-3.1328422622573138
38.56467056274414,1.0,0,0,1557878701,111160755,13.550546646118164,-112.33612823486328,-1.7114848999549743,-0.47896575927734375,-3.381955623626709,-3.1328422622573138
38.66899585723877,1.0,0,0,1557878701,156454801,13.512889862060547,-112.60202026367188,-1.7114835302135807,-0.46508026123046875,-3.283900737762451,-3.1330186515106444
38.7147901058197,1.0,0,0,1557878701,260679006,13.467665672302246,-112.92145538330078,-1.7114821844868486,-0.448394775390625,-3.166073799133301,-3.1337221439573892
38.75713491439819,1.0,0,0,1557878701,306447029,13.4524507522583,-113.02886199951172,-1.711482184429061,-0.44278717041015625,-3.1265406608581543,-3.134296302003932
38.802571535110474,1.0,0,0,1557878701,348855495,13.4524507522583,-113.02886199951172,-1.711482184429061,-0.44278717041015625,-3.1265406608581543,-3.134296302003932
38.846431016922,1.0,0,0,1557878701,394283771,13.423163414001465,-113.23567199707031,-1.7114810734821713,-0.432037353515625,-3.0506343841552734,-3.1309907931879484
38.8896541595459,1.0,0,0,1557878701,438181877,13.418192863464355,-113.27076721191406,-1.7114804908037793,-0.4301300048828125,-3.037220001220703,-3.1342578499639453
38.93394494056702,1.0,0,0,1557878701,481368064,13.402772903442383,-113.37966918945312,-1.7114804907900125,-0.4244537353515625,-2.9971137046813965,-3.131829340913128
38.97866487503052,1.0,0,0,1557878701,525624513,13.384081840515137,-113.51170349121094,-1.7114804907797085,-0.41754150390625,-2.948302745819092,-3.1364866638734523
39.02315354347229,1.0,0,0,1557878701,570418119,13.36269474029541,-113.66273498535156,-1.7114793017311758,-0.40966033935546875,-2.8926825523376465,-3.139265217683934
39.06647801399231,1.0,0,0,1557878701,614929914,13.341825485229492,-113.81005859375,-1.711479301732053,-0.40196990966796875,-2.838371753692627,-3.130577372041367
39.10880160331726,1.0,0,0,1557878701,658136606,13.341825485229492,-113.81005859375,-1.711479301732053,-0.40196990966796875,-2.838371753692627,-3.130577372041367
39.15290927886963,1.0,0,0,1557878701,700525045,13.3349609375,-113.85855102539062,-1.7114787972223908,-0.39943695068359375,-2.8204879760742188,-3.1269076356360994
39.19569134712219,1.0,0,0,1557878701,744572877,13.311777114868164,-114.02222442626953,-1.7114785390478418,-0.39086151123046875,-2.7599968910217285,-3.133413988190077
39.24083495140076,1.0,0,0,1557878701,787369728,13.311777114868164,-114.02222442626953,-1.7114785390478418,-0.39086151123046875,-2.7599968910217285,-3.133413988190077
39.286497592926025,1.0,0,0,1557878701,832556724,13.288349151611328,-114.1876449584961,-1.7114777882117715,-0.3822784423828125,-2.6993441581726074,-3.120448340819944
39.332053899765015,1.0,0,0,1557878701,878208875,13.270966529846191,-114.31040954589844,-1.7114773618590449,-0.37581634521484375,-2.6537160873413086,-3.140087119996239
39.381831407547,1.0,0,0,1557878701,923851728,13.252119064331055,-114.44354248046875,-1.7114765991679732,-0.36885833740234375,-2.604649543762207,-3.129428607779769
39.425066232681274,1.0,0,0,1557878701,973473072,13.245927810668945,-114.4872817993164,-1.711476262827147,-0.3665771484375,-2.5885252952575684,-3.1366311570294396
39.46965193748474,1.0,0,0,1557878702,16818284,13.245927810668945,-114.4872817993164,-1.711476262827147,-0.3665771484375,-2.5885252952575684,-3.1366311570294396
39.51431918144226,1.0,0,0,1557878702,61467409,13.23348617553711,-114.57515716552734,-1.7114762628310907,-0.3619842529296875,-2.556126594543457,-3.122645451853265
39.559486627578735,1.0,0,0,1557878702,106151103,13.221562385559082,-114.65933227539062,-1.7114762628337958,-0.3576202392578125,-2.5253143310546875,-3.0966223718588313
39.603410959243774,1.0,0,0,1557878702,151138305,13.199462890625,-114.8153305053711,-1.7114753319726106,-0.34946441650390625,-2.467738628387451,-3.0526286742971735
39.64711904525757,1.0,0,0,1557878702,195116043,13.18919849395752,-114.88777923583984,-1.711475331974793,-0.34563446044921875,-2.440704345703125,-3.0081322679379046
39.69245266914368,1.0,0,0,1557878702,238886833,13.176562309265137,-114.97702026367188,-1.7114747374562131,-0.34098052978515625,-2.407827854156494,3.1367190387075983
39.736337423324585,1.0,0,0,1557878702,284218311,13.161317825317383,-115.08462524414062,-1.7114742329472965,-0.335357666015625,-2.3680639266967773,3.0466816667317467
39.7810161113739,1.0,0,0,1557878702,328104257,13.155302047729492,-115.12709045410156,-1.7114742329469808,-0.33313751220703125,-2.352431297302246,-3.1133352569518964
39.82555437088013,1.0,0,0,1557878702,372714757,13.128252029418945,-115.31809997558594,-1.7114738065968713,-0.32315826416015625,-2.281952381134033,-3.139595019491507
39.86889719963074,1.0,0,0,1557878702,417237758,13.117294311523438,-115.39547729492188,-1.7114730557547795,-0.319122314453125,-2.2534804344177246,3.1043166954447963
39.91548681259155,1.0,0,0,1557878702,460627317,13.117294311523438,-115.39547729492188,-1.7114730557547795,-0.319122314453125,-2.2534804344177246,3.1043166954447963
39.96359443664551,1.0,0,0,1557878702,507227897,13.096152305603027,-115.5447998046875,-1.7114727975756063,-0.31136322021484375,-2.198653221130371,3.1408245561881425
40.00831842422485,1.0,0,0,1557878702,555303096,13.092411994934082,-115.57119750976562,-1.7114718667124897,-0.3099365234375,-2.1886372566223145,-3.1339127448448107
40.05493474006653,1.0,0,0,1557878702,600085973,13.081757545471191,-115.64646911621094,-1.711471866713184,-0.30602264404296875,-2.1609363555908203,3.1139193360244057
40.10162973403931,1.0,0,0,1557878702,646782875,13.067949295043945,-115.74396514892578,-1.711471362201341,-0.30091094970703125,-2.1249237060546875,-3.1372896816484395
40.14898943901062,1.0,0,0,1557878702,693422794,13.04720687866211,-115.89049530029297,-1.711471014012245,-0.29327392578125,-2.070985794067383,3.122864127346111
40.19297385215759,1.0,0,0,1557878702,740715980,13.037363052368164,-115.96000671386719,-1.7114705213471955,-0.28964996337890625,-2.04538631439209,-3.1176823059754994
40.23743200302124,1.0,0,0,1557878702,784662723,13.037363052368164,-115.96000671386719,-1.7114705213471955,-0.28964996337890625,-2.04538631439209,-3.1176823059754994
40.28222036361694,1.0,0,0,1557878702,829264402,13.018046379089355,-116.0964584350586,-1.7114700949962078,-0.28255462646484375,-1.9952712059020996,3.1339226069506
40.32584071159363,1.0,0,0,1557878702,873829126,13.014540672302246,-116.1212158203125,-1.7114700949965262,-0.28122711181640625,-1.9858956336975098,3.1299467084064005
40.37270426750183,1.0,0,0,1557878702,917598724,13.009843826293945,-116.15438842773438,-1.7114700949956796,-0.2794952392578125,-1.9736948013305664,-3.116866385704458
40.418885707855225,1.0,0,0,1557878702,964554309,12.992938995361328,-116.27376556396484,-1.7114700950014186,-0.27325439453125,-1.9296627044677734,3.1199677150063776
40.46489930152893,1.0,0,0,1557878703,10658502,12.9793062210083,-116.37004852294922,-1.7114694104700294,-0.26824188232421875,-1.8942461013793945,-3.120004486234795
40.510053873062134,1.0,0,0,1557878703,56661844,12.965712547302246,-116.46599578857422,-1.7114686596264197,-0.26323699951171875,-1.8589153289794922,-3.1155233975646444
40.555203437805176,1.0,0,0,1557878703,101693391,12.965712547302246,-116.46599578857422,-1.7114686596264197,-0.26323699951171875,-1.8589153289794922,-3.1155233975646444
40.60136294364929,1.0,0,0,1557878703,146881580,12.956737518310547,-116.52940368652344,-1.7114686596269741,-0.2599334716796875,-1.835561752319336,3.1314744672101122
40.645615100860596,1.0,0,0,1557878703,193543434,12.944560050964355,-116.61537170410156,-1.7114682332785625,-0.25543212890625,-1.8038034439086914,3.141592653589793
40.69062042236328,1.0,0,0,1557878703,237253904,12.944560050964355,-116.61537170410156,-1.7114682332785625,-0.25543212890625,-1.8038034439086914,3.141592653589793
40.73526859283447,1.0,0,0,1557878703,282398462,12.924540519714355,-116.75672912597656,-1.7114682332777753,-0.2480621337890625,-1.7517204284667969,-3.1071949524556275
40.779770612716675,1.0,0,0,1557878703,326939821,12.915937423706055,-116.81745147705078,-1.711467806926092,-0.24489593505859375,-1.7293930053710938,-3.1349312431352594
40.88809823989868,1.0,0,0,1557878703,371545553,12.903437614440918,-116.90574645996094,-1.7114678069253657,-0.24029541015625,-1.6968994140625,3.0973755287014306
40.9330050945282,1.0,0,0,1557878703,479842662,12.883085250854492,-117.04945373535156,-1.711467134241033,-0.232818603515625,-1.6441020965576172,-3.125515310400688
40.97571778297424,1.0,0,0,1557878703,524822235,12.880351066589355,-117.06877899169922,-1.7114671342419365,-0.231781005859375,-1.6367998123168945,3.0717126598401157
41.02116870880127,1.0,0,0,1557878703,567539691,12.876405715942383,-117.09662628173828,-1.7114671342421532,-0.23033905029296875,-1.6265583038330078,3.1350531956753827
41.0671763420105,1.0,0,0,1557878703,612869977,12.862284660339355,-117.19639587402344,-1.7114671342417371,-0.225128173828125,-1.5897836685180664,3.1127432349286086
41.11263036727905,1.0,0,0,1557878703,658835649,12.851044654846191,-117.27571868896484,-1.7114678069264946,-0.22100067138671875,-1.5606193542480469,3.1346801893006537
41.157426595687866,1.0,0,0,1557878703,704429388,12.840136528015137,-117.35276794433594,-1.7114671342442072,-0.21697235107421875,-1.532266616821289,-3.1349312291601126
41.2018620967865,1.0,0,0,1557878703,749178647,12.840136528015137,-117.35276794433594,-1.7114671342442072,-0.21697235107421875,-1.532266616821289,-3.1349312291601126
41.246930837631226,1.0,0,0,1557878703,793622493,12.82577133178711,-117.45421600341797,-1.7114671342444043,-0.2117156982421875,-1.495030403137207,-3.135302035469757
41.29018020629883,1.0,0,0,1557878703,838623523,12.823339462280273,-117.47138214111328,-1.7114667979038545,-0.210784912109375,-1.4885387420654297,3.1179906846824386
41.33523368835449,1.0,0,0,1557878703,882022142,12.819804191589355,-117.496337890625,-1.7114671342448367,-0.2094879150390625,-1.4793672561645508,-3.136394654819612
41.38086700439453,1.0,0,0,1557878703,926997900,12.807108879089355,-117.58607482910156,-1.711466797904475,-0.20481109619140625,-1.4462966918945312,3.0926185092323544
41.42539095878601,1.0,0,0,1557878703,972526311,12.797040939331055,-117.65707397460938,-1.7114671342459742,-0.20110321044921875,-1.4201955795288086,3.119589210822329
41.47094511985779,1.0,0,0,1557878704,17141819,12.787216186523438,-117.7264633178711,-1.7114667979046343,-0.1974945068359375,-1.3946714401245117,-3.1363436644250333
41.51618218421936,1.0,0,0,1557878704,62579631,12.78392505645752,-117.74971771240234,-1.7114671342455967,-0.19628143310546875,-1.3861141204833984,-3.135505969465562
41.56337785720825,1.0,0,0,1557878704,107962846,12.78392505645752,-117.74971771240234,-1.7114671342455967,-0.19628143310546875,-1.3861141204833984,-3.135505969465562
41.60697102546692,1.0,0,0,1557878704,155073642,12.770468711853027,-117.8447265625,-1.7114667979041476,-0.19133758544921875,-1.3511972427368164,-3.130545230775059
41.6520094871521,1.0,0,0,1557878704,198670864,12.770468711853027,-117.8447265625,-1.7114667979041476,-0.19133758544921875,-1.3511972427368164,-3.130545230775059
41.69577741622925,1.0,0,0,1557878704,243691205,12.756454467773438,-117.9437484741211,-1.7114667979048506,-0.1861572265625,-1.3146142959594727,3.141577395032846
41.740517139434814,1.0,0,0,1557878704,287471294,12.75326156616211,-117.96629333496094,-1.7114667979047191,-0.1849822998046875,-1.3063287734985352,-3.133914468858718
41.785630226135254,1.0,0,0,1557878704,332179784,12.741093635559082,-118.05219268798828,-1.7114667979043034,-0.18051910400390625,-1.2748308181762695,-3.1375878138074196
41.829222679138184,1.0,0,0,1557878704,377349853,12.732617378234863,-118.11203002929688,-1.711466797904588,-0.1773834228515625,-1.2526941299438477,-3.1255895762263934
41.8740291595459,1.0,0,0,1557878704,420938014,12.732617378234863,-118.11203002929688,-1.711466797904588,-0.1773834228515625,-1.2526941299438477,-3.1255895762263934
41.91785430908203,1.0,0,0,1557878704,465664148,12.720927238464355,-118.19458770751953,-1.7114660352130209,-0.173095703125,-1.2224102020263672,-3.133894523841797
41.96126413345337,1.0,0,0,1557878704,509574174,12.715595245361328,-118.23218536376953,-1.711466035212557,-0.1711273193359375,-1.208449363708496,-3.122574905508706
42.006585121154785,1.0,0,0,1557878704,553014755,12.712763786315918,-118.25218200683594,-1.711466035212269,-0.17008209228515625,-1.2011041641235352,-3.122989903107542
